가게이름,리뷰내용,리뷰별점
충오식육식당,우선 고기 잡내안나고 맛있습니다! 노포느낌 좋아하시면 무조건 좋아할 느낌~ 김치랑 구워먹는 삼겹살 미쳤습니다. (김치가 도라이임)사장님이 은근히 툭툭 챙겨주시는게 특유의 &lsquo;정&rsquo;이 느껴지고 먹는내내 기분이 좋았어요~ 노포 특성상 청결함을 바라는건 욕심이구요 이 분위기와 맛 즐기러 가시는거면 추천합니다!,5
충오식육식당,"맛은 좋다!
어르신들 반주하시는 노포분위기!",4
충오식육식당,고기는 맛있는데 위생은 잘 모르겠어요.,3
충오식육식당,정말 맛있습니다. 완전 추천!!,5
충스키친,본점이라 그른가 확실히 맛있네요,5
충스키친,"밥반찬으로 먹어도 맛있고 덮밥으러 먹어도 맛있습니다 :D
맛이 자극적이거나 기름지지 않아서 깔끔한 밥도둑이네요!!",5
충스키친,"강한 느낌이 바로 오는 자극적인 두루치기가 아니라 한입 두입 먹고 나면 계속 먹게 되는 맛있는 집밥 느낌의 두루치기이다. 결국 마지막은 국물에 밥을 비벼먹고 있는 자신을 발견하게 될 것이다.

꿔바로우는 고기와 반죽의 두께가 적당하여 식감을 잘 살렸고 소스도 좋지만 곁들여 먹는 양파절임과의 조합이 좋아서, 하나의 메뉴처럼 느껴진다.

육전은 담백한 맛과 계란옷의 고소함이 길게 이어졌다. 두루치기와 함께 제공되는 달걀 프라이와 기본 밥의  상태가 최상이어서 먹는 이로 하여금 만족도를 높여준다.",5
충스키친 중방점,배송빠르고 겁나마싰네옹,5
샤브연리지 충추호암점,불친절해서 기분잡처서 못먹겠고 맛도없고  음식도안채워 놔요 식기가 먹기불편해요 재방문 안함 소담촌이 더좋아용,1
샤브연리지 충추호암점,"주중에는 갈만한데 주말엔 줄이 너무 길다.
가성비 괜찮은 수준이고 맛이 좋은편.",5
샤브연리지 충추호암점,다양한 버섯을 먹을 수 있어 좋았습니다..,5
샤브연리지 충추호암점,맛잇어요!!!!!!!!,5
샤브연리지 충추호암점,샐러드바 종류많고 육수 깔끔해서 맛있음. 고기 질도좋고 채소도 신선. 충주 대형 샤브샤브집 중에 원탑,5
샤브연리지 충추호암점,"육수는 매운게 맛있고
샐러드바 반찬도 다 맛있네요 볶음밥, 떡볶이, 쫄면 등
야채 종류도 많고 괜찮음",5
샤브연리지 충추호암점,"손님모시고 충주구경하고 샤브샤브 먹으며 몸도 녹이고 마음도 녹는 행복한 맛집이었습니다^^
매장 깨끗하고 분위기도 좋고 무엇보다 맛이 넘 좋아요~~👍샤브샤브 소고기 월남쌈 짱!",5
샤브연리지 충추호암점,오픈하고 벌써 두 번이나 갔어요. 육수 두 가지 모두 다 맛있는데 맵찔이라서 두번째는 일반 육수만 먹었네요. 고기가 부드러워서 넘 좋아요... 샐러드바에 닭강정이랑 파스타샐러드 떡볶이 볶음밥도 다 평균 이상으로 맛있구요! 아이스크림도 찐해서 맛있게 잘 먹었습니다. 사장님이랑 직원 분들도 다 너무 친절하시고... 샤브샤브 생각 나면 자주 오려고 합니다!,5
선비꼬마김밥 충주칠금점,"매콤진미김밥 이거 진짜 진미임 떡볶이도 맛있음
이름은 매콤인데 거의 안매움 매운거 못먹는사람도 잘먹을만큼",5
충오식육식당,우선 고기 잡내안나고 맛있습니다! 노포느낌 좋아하시면 무조건 좋아할 느낌~ 김치랑 구워먹는 삼겹살 미쳤습니다. (김치가 도라이임)사장님이 은근히 툭툭 챙겨주시는게 특유의 &lsquo;정&rsquo;이 느껴지고 먹는내내 기분이 좋았어요~ 노포 특성상 청결함을 바라는건 욕심이구요 이 분위기와 맛 즐기러 가시는거면 추천합니다!,5
충오식육식당,"맛은 좋다!
어르신들 반주하시는 노포분위기!",4
충오식육식당,고기는 맛있는데 위생은 잘 모르겠어요.,3
충오식육식당,정말 맛있습니다. 완전 추천!!,5
충스키친,본점이라 그른가 확실히 맛있네요,5
충스키친,"밥반찬으로 먹어도 맛있고 덮밥으러 먹어도 맛있습니다 :D
맛이 자극적이거나 기름지지 않아서 깔끔한 밥도둑이네요!!",5
충스키친,"강한 느낌이 바로 오는 자극적인 두루치기가 아니라 한입 두입 먹고 나면 계속 먹게 되는 맛있는 집밥 느낌의 두루치기이다. 결국 마지막은 국물에 밥을 비벼먹고 있는 자신을 발견하게 될 것이다.

꿔바로우는 고기와 반죽의 두께가 적당하여 식감을 잘 살렸고 소스도 좋지만 곁들여 먹는 양파절임과의 조합이 좋아서, 하나의 메뉴처럼 느껴진다.

육전은 담백한 맛과 계란옷의 고소함이 길게 이어졌다. 두루치기와 함께 제공되는 달걀 프라이와 기본 밥의  상태가 최상이어서 먹는 이로 하여금 만족도를 높여준다.",5
충스키친 중방점,배송빠르고 겁나마싰네옹,5
샤브연리지 충추호암점,불친절해서 기분잡처서 못먹겠고 맛도없고  음식도안채워 놔요 식기가 먹기불편해요 재방문 안함 소담촌이 더좋아용,1
샤브연리지 충추호암점,"주중에는 갈만한데 주말엔 줄이 너무 길다.
가성비 괜찮은 수준이고 맛이 좋은편.",5
샤브연리지 충추호암점,다양한 버섯을 먹을 수 있어 좋았습니다..,5
샤브연리지 충추호암점,맛잇어요!!!!!!!!,5
샤브연리지 충추호암점,샐러드바 종류많고 육수 깔끔해서 맛있음. 고기 질도좋고 채소도 신선. 충주 대형 샤브샤브집 중에 원탑,5
샤브연리지 충추호암점,"육수는 매운게 맛있고
샐러드바 반찬도 다 맛있네요 볶음밥, 떡볶이, 쫄면 등
야채 종류도 많고 괜찮음",5
샤브연리지 충추호암점,"손님모시고 충주구경하고 샤브샤브 먹으며 몸도 녹이고 마음도 녹는 행복한 맛집이었습니다^^
매장 깨끗하고 분위기도 좋고 무엇보다 맛이 넘 좋아요~~👍샤브샤브 소고기 월남쌈 짱!",5
샤브연리지 충추호암점,오픈하고 벌써 두 번이나 갔어요. 육수 두 가지 모두 다 맛있는데 맵찔이라서 두번째는 일반 육수만 먹었네요. 고기가 부드러워서 넘 좋아요... 샐러드바에 닭강정이랑 파스타샐러드 떡볶이 볶음밥도 다 평균 이상으로 맛있구요! 아이스크림도 찐해서 맛있게 잘 먹었습니다. 사장님이랑 직원 분들도 다 너무 친절하시고... 샤브샤브 생각 나면 자주 오려고 합니다!,5
선비꼬마김밥 충주칠금점,"매콤진미김밥 이거 진짜 진미임 떡볶이도 맛있음
이름은 매콤인데 거의 안매움 매운거 못먹는사람도 잘먹을만큼",5
충오식육식당,우선 고기 잡내안나고 맛있습니다! 노포느낌 좋아하시면 무조건 좋아할 느낌~ 김치랑 구워먹는 삼겹살 미쳤습니다. (김치가 도라이임)사장님이 은근히 툭툭 챙겨주시는게 특유의 &lsquo;정&rsquo;이 느껴지고 먹는내내 기분이 좋았어요~ 노포 특성상 청결함을 바라는건 욕심이구요 이 분위기와 맛 즐기러 가시는거면 추천합니다!,5
충오식육식당,"맛은 좋다!
어르신들 반주하시는 노포분위기!",4
충오식육식당,고기는 맛있는데 위생은 잘 모르겠어요.,3
충오식육식당,정말 맛있습니다. 완전 추천!!,5
충스키친,본점이라 그른가 확실히 맛있네요,5
충스키친,"밥반찬으로 먹어도 맛있고 덮밥으러 먹어도 맛있습니다 :D
맛이 자극적이거나 기름지지 않아서 깔끔한 밥도둑이네요!!",5
충스키친,"강한 느낌이 바로 오는 자극적인 두루치기가 아니라 한입 두입 먹고 나면 계속 먹게 되는 맛있는 집밥 느낌의 두루치기이다. 결국 마지막은 국물에 밥을 비벼먹고 있는 자신을 발견하게 될 것이다.

꿔바로우는 고기와 반죽의 두께가 적당하여 식감을 잘 살렸고 소스도 좋지만 곁들여 먹는 양파절임과의 조합이 좋아서, 하나의 메뉴처럼 느껴진다.

육전은 담백한 맛과 계란옷의 고소함이 길게 이어졌다. 두루치기와 함께 제공되는 달걀 프라이와 기본 밥의  상태가 최상이어서 먹는 이로 하여금 만족도를 높여준다.",5
충스키친 중방점,배송빠르고 겁나마싰네옹,5
샤브연리지 충추호암점,불친절해서 기분잡처서 못먹겠고 맛도없고  음식도안채워 놔요 식기가 먹기불편해요 재방문 안함 소담촌이 더좋아용,1
샤브연리지 충추호암점,"주중에는 갈만한데 주말엔 줄이 너무 길다.
가성비 괜찮은 수준이고 맛이 좋은편.",5
샤브연리지 충추호암점,다양한 버섯을 먹을 수 있어 좋았습니다..,5
샤브연리지 충추호암점,맛잇어요!!!!!!!!,5
샤브연리지 충추호암점,샐러드바 종류많고 육수 깔끔해서 맛있음. 고기 질도좋고 채소도 신선. 충주 대형 샤브샤브집 중에 원탑,5
샤브연리지 충추호암점,"육수는 매운게 맛있고
샐러드바 반찬도 다 맛있네요 볶음밥, 떡볶이, 쫄면 등
야채 종류도 많고 괜찮음",5
샤브연리지 충추호암점,"손님모시고 충주구경하고 샤브샤브 먹으며 몸도 녹이고 마음도 녹는 행복한 맛집이었습니다^^
매장 깨끗하고 분위기도 좋고 무엇보다 맛이 넘 좋아요~~👍샤브샤브 소고기 월남쌈 짱!",5
샤브연리지 충추호암점,오픈하고 벌써 두 번이나 갔어요. 육수 두 가지 모두 다 맛있는데 맵찔이라서 두번째는 일반 육수만 먹었네요. 고기가 부드러워서 넘 좋아요... 샐러드바에 닭강정이랑 파스타샐러드 떡볶이 볶음밥도 다 평균 이상으로 맛있구요! 아이스크림도 찐해서 맛있게 잘 먹었습니다. 사장님이랑 직원 분들도 다 너무 친절하시고... 샤브샤브 생각 나면 자주 오려고 합니다!,5
선비꼬마김밥 충주칠금점,"매콤진미김밥 이거 진짜 진미임 떡볶이도 맛있음
이름은 매콤인데 거의 안매움 매운거 못먹는사람도 잘먹을만큼",5
