가게이름,메뉴명,가격
유즈라멘 만리동점,유즈시오라멘,"12,000원"
유즈라멘 만리동점,유즈쇼유라멘,"12,000원"
유즈라멘 만리동점,매운유즈시오라멘,"13,000원"
유즈라멘 만리동점,매운유즈쇼유라멘,"13,000원"
유즈라멘 만리동점,유즈츠케멘,"14,000원"
유즈라멘 만리동점,치킨가라아게,"6,000원"
유즈라멘 만리동점,고기만두,"6,000원"
유즈라멘 만리동점,하이볼,"8,000원"
만리재비스트로,토마토해산물파스타,"19,000원"
만리재비스트로,포테이토뇨끼,"20,000원"
만리재비스트로,관자바질페스토파스타,"20,000원"
만리재비스트로,초리조알리오올리오,"19,000원"
만리재비스트로,엔초비봉골레파스타,"18,000원"
만리재비스트로,스테이크피자,"24,000원"
만리재비스트로,비스마르크피자,"20,000원"
만리재비스트로,고르곤졸라피자,"19,000원"
만리재비스트로,프로슈토루꼴라피자,"19,000원"
만리재비스트로,마르게리따피자,"19,000원"
만리재비스트로,잠봉뵈르피자,"19,000원"
만리재비스트로,갈릭새우피자,"19,000원"
만리재비스트로,페퍼로니피자,"19,000원"
공일부엌,우대 소 갈비 정식 [Braised soy Beef Galbi],"19,000원"
공일부엌,불낙 볶음 [Spicy Stir-fried Octopus & Bulgogi],"40,000원"
공일부엌,한돈 묵은지 김치찜 [Kimchi zzim],"12,000원"
공일부엌,불고기 샐러드 비빔밥 [Bulgogi salad Bibimbap],"13,000원"
공일부엌,대창 깍두기 볶음밥 [Kkakdugi rice(+Cheese)],"12,000원"
공일부엌,직화 낙지 비빔밥 [Spicy Octopus Bibimbap],"13,000원"
공일부엌,직화 고등어 구이 [Grilled Salted Mackerel],"14,000원"
공일부엌,돼지 갈비찜 정식 [Spicy Braised Pork Galbi],"16,000원"
공일부엌,능이버섯 양곰탕 [Mushroom & Beef Tripe Soup],"16,000원"
공일부엌,한우 소고기 뭇국 [Korean Beef and Radish Soup],"13,000원"
공일부엌,낙지 볶음 [ Spicy Stir-fried Octopus],"30,000원"
공일부엌,찜닭 대 [Braised SoyChicken / jjim-dak],"40,000원"
공일부엌,곱도리탕 [Spicy Braised Chicken],"38,000원"
공일부엌,깻잎 대창 떡볶이 [perilla leaf tteokbokki],"30,000원"
공일부엌,호감전 [Pumpkin&Potato-pancake / Hogam-jeon],"17,000원"
공일부엌,김치전 [Kimchi-pancake / Kimchi-jeon],"12,000원"
공일부엌,천년 수육,"38,000원"
공일부엌,스지 오뎅탕,"30,000원"
공일부엌,닭도리탕,"30,000원"
도마 중림점,스페셜모듬 (300g),"61,000원"
도마 중림점,도마 모듬 B (150g),"29,000원"
도마 중림점,도마 모듬 A (150g),"27,000원"
도마 중림점,마약된장찌개,"8,000원"
도마 중림점,꽃살,"39,000원"
도마 중림점,호주 와규등심,"35,000원"
도마 중림점,진갈비살,"35,000원"
도마 중림점,갈비본살,"28,000원"
도마 중림점,생갈비살,"20,000원"
도마 중림점,초신선 한우 뭉티기(130g),"27,000원"
도마 중림점,마약된장술밥,"15,000원"
도마 중림점,초신선 한우 육회(130g),"21,000원"
도마 중림점,육회냉면,"15,000원"
도마 중림점,육회비빔밥,"14,000원"
도마 중림점,된장비빔밥/약고추장비빔밥,"9,000원"
도마 중림점,비빔냉면/물냉면,"8,000원"
도마 중림점,갈비솥밥 단품,"18,000원"
도마 중림점,특상 한우 우설,"30,000원"
국민회관,냉동삼겹살(160g),"15,000원"
국민회관,우삼겹(160g),"15,000원"
국민회관,로스목살(160g),"15,000원"
국민회관,로얄껍데기(200g),"10,900원"
국민회관,돼지꼬리(200g),"9,000원"
국민회관,김치비지찌개,"7,000원"
국민회관,소고기된장찌개,"7,000원"
국민회관,물김치쫄면,"6,900원"
국민회관,비빔면,"4,900원"
정원레스토랑 어반가든,[평일런치] 파스타 1인,"25,000원"
정원레스토랑 어반가든,[평일런치] 2인~4인세트,변동가격
정원레스토랑 어반가든,어반가든 전메뉴 홈페이지 확인가능,변동가격
정원레스토랑 어반가든,어반가든파스타,"21,900원"
정원레스토랑 어반가든,관자알리오올리오,"21,900원"
정원레스토랑 어반가든,명란 로제파스타,"21,900원"
정원레스토랑 어반가든,"해산물 파스타(오일,크림,토마토)","23,500원"
정원레스토랑 어반가든,트러플 풍기 파스타,"24,900원"
정원레스토랑 어반가든,누룽지 빼쉐 파스타,"29,900원"
정원레스토랑 어반가든,새우 로제 리조또,"21,900원"
정원레스토랑 어반가든,비프 함박스테이크,"43,000원"
정원레스토랑 어반가든,꽃등심 스테이크(350g),"69,000원"
정원레스토랑 어반가든,어반가든 피자,"23,000원"
정원레스토랑 어반가든,루꼴라 가든 피자,"24,000원"
정원레스토랑 어반가든,샥슈카 살라미 피자,"26,000원"
정원레스토랑 어반가든,어반가든 샐러드,"15,000원"
정원레스토랑 어반가든,그릴에 구운 알배추 시저샐러드,"19,500원"
정원레스토랑 어반가든,커플 세트 (2인),변동가격
정원레스토랑 어반가든,패밀리세트(3인/4인/5인),변동가격
중림장,설렁탕,"12,000원"
중림장,특 설렁탕,"15,000원"
중림장,도가니탕,"16,000원"
중림장,꼬리탕,"18,000원"
중림장,양지수육,"40,000원"
중림장,도가니수육,"40,000원"
중림장,꼬리수육,"50,000원"
중림장,반반수육,"40,000원"
중림장,모듬수육,"50,000원"
봉래축산,소양념갈비 한근(600g),"49,000원"
봉래축산,로얄생갈빗살(160g),"19,000원"
봉래축산,버터소막장(130g),"19,000원"
봉래축산,목살스테이크(2인분/300g),"24,000원"
봉래축산,숯불통갈매기살(180g),"18,000원"
봉래축산,소양념갈비 반근(300g),"25,000원"
봉래축산,양념돼지갈비(200g),"16,000원"
봉래축산,봉래특선육회,"18,000원"
봉래축산,치츠폭탄계란찜,"8,000원"
봉래축산,열무냉면(물/비빔),"7,000원"
봉래축산,추억의도시락,"6,000원"
봉래축산,육회비빔밥,"10,000원"
봉래축산,황태김치해장국(평일점심특선),"9,000원"
봉래축산,소고기시래기해장국(평일점심특선),"9,000원"
봉래축산,얼큰해물순두부(평일점심특선),"10,000원"
봉래축산,뚝배기소불고기(평일점심특선),"11,000원"
봉래축산,고기육회비빔밥(평일점심특선),"12,000원"
두툼,두툼삼겹살 (170g),"18,000원"
두툼,두툼목살 (170g),"18,000원"
두툼,껍데기항정살 (170g),"18,000원"
서울부띠끄,보성쪽파피자,"17,500원"
서울부띠끄,피쉬 앤 칩스,"18,900원"
서울부띠끄,시금치피자,"17,500원"
서울부띠끄,바질크림 시금치파스타,"18,500원"
서울부띠끄,가리비로제파스타,"16,900원"
서울부띠끄,소곱창리조또,"15,900원"
서울부띠끄,트러플프렌치프라이즈,"11,900원"
서울부띠끄,김치치즈프라이즈,"14,900원"
서울부띠끄,감바스,"14,900원"
서울부띠끄,갈릭순살치킨,"19,500원"
서울부띠끄,에그인헬,"15,900원"
서울부띠끄,로제 떡볶이,"16,500원"
서울부띠끄,부띠끄 치즈 떡볶이,"13,900원"
서울부띠끄,먹태 & 호두,"14,500원"
서울부띠끄,살라미 피자,"17,500원"
서울부띠끄,쉬림프와사비샐러드,"15,900원"
서울부띠끄,명란알리오올리오,"15,500원"
서울부띠끄,소곱창토마토리조또,"15,900원"
서울부띠끄,김치치즈불고기리조또,"17,900원"
서울부띠끄,소곱창까르보나라,"16,900원"
서울부띠끄,수란버섯구이샐러드,"15,900원"
커피앤시가렛,아메리카노,"5,500원"
커피앤시가렛,리치 크루아상,"6,000원"
커피앤시가렛,무화과 피낭시에,"3,000원"
커피앤시가렛,클래식 피낭시에,"3,000원"
커피앤시가렛,레몬쿠키,"5,700원"
커피앤시가렛,하이 프로틴 칠리 베이글,"7,300원"
커피앤시가렛,생크림을 떠올린 그릭 요거트,"6,900원"
커피앤시가렛,아몬드 초코볼,"2,300원"
커피앤시가렛,트리플 초콜릿 퍼지 브라우니&아이스크림,"9,200원"
커피앤시가렛,츄이 스모어 쿠키,"6,000원"
커피앤시가렛,카푸치노,"6,000원"
커피앤시가렛,플랫화이트,"6,000원"
커피앤시가렛,딥 바닐라라떼,"6,700원"
커피앤시가렛,소프트 연유라떼,"6,700원"
커피앤시가렛,콜드브루,"6,000원"
커피앤시가렛,콜드브루 라떼,"6,500원"
커피앤시가렛,콜드브루 연유라떼,"6,900원"
철길떡볶이,떡볶이 (1인분),"3,500원"
철길떡볶이,순대 (1인분),"3,500원"
철길떡볶이,라면 (1개),"3,500원"
철길떡볶이,김밥 (1줄),"1,500원"
철길떡볶이,야끼튀김 (1인분),"2,000원"
철길떡볶이,김말이튀김 (1인분),"2,000원"
철길떡볶이,어묵 (1꼬치),"2,000원"
풍문고기집,숙성꽃등심,"50,000원"
풍문고기집,숙성꽃등심주물럭,"51,000원"
풍문고기집,숙성새우살,"62,000원"
풍문고기집,숙성살치살,"60,000원"
풍문고기집,숙성특안심,"52,000원"
풍문고기집,진갈비살,"38,000원"
풍문고기집,갈비살,"26,000원"
풍문고기집,숙성삼겹살,"18,000원"
풍문고기집,숙성꽃목살,"18,000원"
풍문고기집,숙성항정살,"21,000원"
풍문고기집,한우육회,"30,000원"
풍문고기집,풍문숙성특목살,"23,000원"
풍문고기집,육회비빔밥(점심메뉴),"12,000원"
풍문고기집,부대찌개(점심메뉴),"9,500원"
풍문고기집,계란말이(점심메뉴),"9,500원"
풍문고기집,차돌된장찌개(점심메뉴),"9,000원"
풍문고기집,돼지고기김치찌개(점심메뉴),"9,000원"
풍문고기집,반계란말이(점심메뉴),"5,000원"
베리키친,만리동 토마토 김치찜,"24,000원"
미시령너머,모듬회 (4인상),"65,000원"
미시령너머,숭어물회와소면 (소),"10,000원"
미시령너머,광어물회와소면 (소),"12,000원"
미시령너머,숭어회무침,"20,000원"
미시령너머,대구매운탕,"11,000원"
가메골손왕만두 남대문본점,고기왕만두 (4개),"4,500원"
가메골손왕만두 남대문본점,김치왕만두 (4개),"4,500원"
호수집 원조닭꼬치,닭도리탕 (특대),"37,000원"
호수집 원조닭꼬치,닭도리탕 (대),"31,000원"
호수집 원조닭꼬치,닭도리탕(중),"25,000원"
호수집 원조닭꼬치,닭도리탕 (소),"19,000원"
호수집 원조닭꼬치,닭꼬치,"2,700원"
호수집 원조닭꼬치,오삼불고기,"19,000원"
호수집 원조닭꼬치,오징어불고기,"9,500원"
호수집 원조닭꼬치,사리떡,"2,000원"
호수집 원조닭꼬치,라면,"2,000원"
호수집 원조닭꼬치,볶음밥,"2,000원"
이조식당,콩나물비빔밥,"6,000원"
이조식당,잔치국수,"6,000원"
명인강메밀푸른초장,메밀막국수,"12,000원"
명인강메밀푸른초장,메밀묵밥,"9,000원"
명인강메밀푸른초장,메밀전,"6,000원"
명인강메밀푸른초장,메밀전병,"10,000원"
명인강메밀푸른초장,왕만두,"6,000원"
명인강메밀푸른초장,들깨우거지탕,"10,000원"
명인강메밀푸른초장,묵무침,"10,000원"
명인강메밀푸른초장,쟁반막국수,"24,000원"
명인강메밀푸른초장,훈제부추무침,"54,000원"
명인강메밀푸른초장,한방오리백숙,"89,000원"
28총각,새우완탕,"10,000원"
28총각,일본오뎅탕,"18,000원"
28총각,명란구이와 아보카도,"12,000원"
28총각,레몬새우,"16,000원"
28총각,감자고로케,"12,000원"
28총각,돈까스 백반(점심only),"11,000원"
사조미가,점심정식,"20,000원"
사조미가,게장정식,"30,000원"
사조미가,굴비정식,"25,000원"
사조미가,즐거운 코스,"27,000원"
사조미가,정겨운 코스,"35,000원"
사조미가,행복한 코스,"45,000원"
사조미가,다복한 코스,"60,000원"
사조미가,상견례 코스,"50,000원"
사조미가,어린이 밥상,"15,000원"
사조미가,간장게장,"20,000원"
사조미가,보리굴비,"20,000원"
사조미가,떡갈비(6ea),"25,000원"
사조미가,보쌈,"30,000원"
사조미가,갈비구이,"30,000원"
사조미가,육회,"30,000원"
사조미가,해물매운탕,"30,000원"
사조미가,홍어삼합,"35,000원"
사조미가,모듬회,"50,000원"
더하우스1932,아메리카노,"5,500원"
더하우스1932,에스프레소,"5,500원"
더하우스1932,헤이즐넛 아메리카노,"5,400원"
더하우스1932,플렛화이트,"5,900원"
더하우스1932,클래식 카푸치노,"5,900원"
더하우스1932,카페라떼,"5,900원"
더하우스1932,바닐라라떼,"6,200원"
더하우스1932,허니레드자몽티,"6,500원"
더하우스1932,패션후르츠에이드,"6,500원"
더하우스1932,오미자티,"6,500원"
더하우스1932,벨지안초코,"7,000원"
더하우스1932,오미자에이드,"6,500원"
더하우스1932,밀크티,"7,000원"
더하우스1932,샤인머스캣망고 아이스티,"6,500원"
더하우스1932,화이트 아인슈페너,"6,300원"
르셰프블루,Lunchtime menu #2,"50,000원"
르셰프블루,Dinner menu #2 / RESERVATION 48H PRIOR TO EVENT,"125,000원"
르셰프블루,Dish of 6 escargots de Bourgogne,"28,000원"
르셰프블루,One glass of white French wine,"9,000원"
르셰프블루,One glass of red French wine,"9,000원"
르셰프블루,LA_CARTE (PAGE1),변동가격
르셰프블루,LA_CARTE (PAGE2),변동가격
르셰프블루,Lunchtime #1,"30,000원"
르셰프블루,Lunchtime menu #3,"100,000원"
르셰프블루,Dinner menu #1 / RESERVATION 48H PRIOR TO EVENT,"100,000원"
르셰프블루,Dinner menu #3 / RESERVATION 48H PRIOR TO EVENT,"150,000원"
진주회관,콩국수,"16,000원"
진주회관,섞어찌개,"11,000원"
진주회관,김치볶음밥,"11,000원"
진주회관,김치찌개,"11,000원"
진주회관,삼겹살(170g),"20,000원"
진주회관,항정살(150g),"21,000원"
진주회관,등심(200g),"33,000원"
진주회관,차돌백이(200g),"22,000원"
진주회관,버섯모듬 생불고기(200g),"18,000원"
부원면옥,물냉면,"11,500원"
부원면옥,비빔냉면,"12,000원"
부원면옥,제육무침,"16,000원"
부원면옥,닭무침,"16,000원"
부원면옥,빈대떡,"6,000원"
닭칼원조집,닭한마리 (2인),"24,000원"
닭칼원조집,손만두,"5,000원"
닭칼원조집,닭도리탕 (2인),"28,000원"
닭칼원조집,닭무침,"15,000원"
닭칼원조집,파전,"15,000원"
닭칼원조집,국수사리,"2,000원"
닭칼원조집,떡사리,"2,000원"
닭칼원조집,죽,"2,000원"
닭칼원조집,감자,"3,000원"
닭칼원조집,맥주,"5,000원"
닭칼원조집,소주,"5,000원"
닭칼원조집,손만두(반),"3,000원"
고릴라,모서리,"18,000원"
고릴라,가브리,"17,000원"
고릴라,보성녹돈목살,"17,000원"
고릴라,삼겹살,"17,000원"
참맛장어,라면 국수,"7,000원"
참맛장어,소갈비 껍데기,"13,000원"
참맛장어,소갈비살 (150g),"25,000원"
참맛장어,소안창살 (150g),"25,000원"
참맛장어,남도식 두루치기,"9,000원"
참맛장어,한우차돌 된장찌개,"10,000원"
참맛장어,한우암소 차돌박이 (150g),"38,000원"
참맛장어,한우암소 갈비살 (150g),"48,000원"
참맛장어,한우암소 살치살 (150g),"58,000원"
호중정원,디너59000,"59,000원"
호중정원,런치49000,"49,000원"
호중정원,런치39000,"39,000원"
호중정원,생선찜코스,변동가격
호중정원,광동식 게요리,"290,000원"
호중정원,수제 마파두부,"39,000원"
호중정원,홍콩식가리비,"60,000원"
호중정원,블랙빈 소고기 안심,"56,000원"
충정각,안심스테이크,"43,000원"
충정각,치킨샐러드(M),"18,000원"
충정각,비프크림파스타,"19,900원"
충정각,크림리조또,"18,000원"
충정각,찹스테이크,"36,000원"
광화문국밥 본점,메밀온면(계절메뉴),"11,000원"
광화문국밥 본점,대구목뽈살조림(계절메뉴),"35,000원"
광화문국밥 본점,돼지국밥,"10,000원"
광화문국밥 본점,돼지국밥(특),"13,000원"
광화문국밥 본점,돼지수육(소),"15,000원"
광화문국밥 본점,피순대,"17,000원"
광화문국밥 본점,가자미식해,"13,000원"
광화문국밥 본점,물/비빔 평양냉면,"14,000원"
광화문국밥 본점,소왕갈비찜,"58,000원"
광화문국밥 본점,한우스지찜,"35,000원"
광화문국밥 본점,매콤양무침,"22,000원"
광화문국밥 본점,술국,"18,000원"
광화문국밥 본점,술국 (특)막창,"25,000원"
광화문국밥 본점,저염명란오이무침,"12,000원"
중림동기내식,마라탕(1인),"12,000원"
중림동기내식,고추잡채,"20,000원"
중림동기내식,마파두부,"15,000원"
중림동기내식,꽃빵튀김,"7,000원"
중림동기내식,멘보샤(1pcs),"2,500원"
중림동기내식,마라샹궈,"25,000원"
현대수산,특생선회 (1인),"46,000원"
현대수산,오후8시이후 생선회 (2인),"50,000원"
현대수산,오후8시이후 생선회 (3인),"60,000원"
현대수산,오후8시이후 생선회 (4인),"70,000원"
현대수산,대하찜,"40,000원"
현대수산,전복찜,"40,000원"
현대수산,전복회,"40,000원"
현대수산,새우튀김,"20,000원"
현대수산,생선회2인(포장),"50,000원"
현대수산,멍게,"30,000원"
현대수산,산낙지,"30,000원"
현대수산,생선회,"30,000원"
현대수산,초밥,"30,000원"
현대수산,도미머리구이,"30,000원"
현대수산,시샤모구이,"30,000원"
현대수산,해물라면,"20,000원"
현대수산,성게알마끼,"8,000원"
현대수산,추천메뉴,변동가격
현대수산,감자튀김,"20,000원"
현대수산,날치알마끼,"4,000원"
농민백암순대 시청직영점,국밥,"10,000원"
농민백암순대 시청직영점,토종순대,"13,000원"
농민백암순대 시청직영점,술국,"19,000원"
농민백암순대 시청직영점,모둠수육,"36,000원"
농민백암순대 시청직영점,오소리감투,"18,000원"
농민백암순대 시청직영점,국밥(특),"12,000원"
농민백암순대 시청직영점,국밥(정식),"15,000원"
계모임,한방통닭,"16,000원"
계모임,한방통닭+골뱅이,"29,000원"
계모임,골뱅이,"14,000원"
계모임,오뎅탕,"15,000원"
계모임,명란계란탕,"12,000원"
서대문족발 본점,족발,"39,000원"
서대문족발 본점,매운족발,"43,000원"
서대문족발 본점,반반족발,"45,000원"
서대문족발 본점,쭈꾸미볶음,"20,000원"
서대문족발 본점,녹두빈대떡,"12,000원"
서대문족발 본점,두부김치,"15,000원"
서대문족발 본점,도토리묵,"15,000원"
서대문족발 본점,홍어무침,"25,000원"
서대문족발 본점,김치찌개,"9,500원"
서대문족발 본점,부대찌개,"9,500원"
서대문족발 본점,막국수(냉/비빔),"9,000원"
참치공방 시청지점,스페셜 무한리필코스,"42,000원"
참치공방 시청지점,점심 스페셜코스,"35,000원"
참치공방 시청지점,맛참치 무한리필코스,"33,000원"
참치공방 시청지점,특참치 무한리필코스,"36,000원"
참치공방 시청지점,주방장 특선 무한리필코스,"60,000원"
참치공방 시청지점,혼마구로 무한리필코스,"80,000원"
참치공방 시청지점,참다랑어 배꼽살,"20,000원"
참치공방 시청지점,참다랑어 뱃살,"20,000원"
참치공방 시청지점,오징어튀김,"20,000원"
참치공방 시청지점,알탕,"15,000원"
참치공방 시청지점,히레까스,"15,000원"
참치공방 시청지점,초밥 A,"30,000원"
참치공방 시청지점,초밥 B,"20,000원"
참치공방 시청지점,점심 A 코스,"30,000원"
참치공방 시청지점,점심 B 코스,"25,000원"
참치공방 시청지점,알탕,"12,000원"
참치공방 시청지점,볶음우동,"12,000원"
참치공방 시청지점,히레까스,"12,000원"
참치공방 시청지점,회덮밥,"12,000원"
참치공방 시청지점,알밥,"12,000원"
복성각 서대문점,짜장면,"7,000원"
복성각 서대문점,간짜장,"8,000원"
복성각 서대문점,고추짜장,"8,000원"
복성각 서대문점,납작짜장,"8,000원"
복성각 서대문점,납작고추짜장,"9,000원"
복성각 서대문점,삼선간짜장,"10,000원"
복성각 서대문점,납작볶음짜장,"10,000원"
복성각 서대문점,짬뽕,"8,000원"
복성각 서대문점,삼선짬뽕,"10,000원"
복성각 서대문점,차돌짬뽕,"12,000원"
복성각 서대문점,크림짬뽕,"11,000원"
복성각 서대문점,로제짬뽕,"12,000원"
복성각 서대문점,삼선우동,"10,000원"
복성각 서대문점,볶음밥,"8,000원"
복성각 서대문점,모듬샤오마이,"14,000원"
복성각 서대문점,샤오롱빠오,"8,000원"
복성각 서대문점,샤오마이,"7,000원"
복성각 서대문점,굴짬뽕 (겨울한정),"10,000원"
복성각 서대문점,중국식냉면 (여름한정),"10,000원"
복성각 서대문점,유린기냉면 (여름한정),"12,000원"
스타벅스 서울역서부점,아이스 슈크림 라떼,"6,500원"
스타벅스 서울역서부점,슈크림 라떼,"6,500원"
스타벅스 서울역서부점,스타벅스 딸기 라떼,"6,500원"
스타벅스 서울역서부점,씨솔트 카라멜 콜드 브루,"6,500원"
스타벅스 서울역서부점,스타벅스 클래식 밀크티 블렌디드,"7,600원"
스타벅스 서울역서부점,유자&오렌지 에너지 피지오,"6,300원"
스타벅스 서울역서부점,체리&자두 에너지 피지오,"6,300원"
스타벅스 서울역서부점,오늘의 커피,"4,500원"
스타벅스 서울역서부점,카푸치노,"5,200원"
스타벅스 서울역서부점,카페 라떼,"5,200원"
스타벅스 서울역서부점,카페 모카,"5,700원"
스타벅스 서울역서부점,카페 아메리카노,"4,700원"
스타벅스 서울역서부점,카라멜 마키아또,"6,100원"
스타벅스 서울역서부점,화이트 초콜릿 모카,"6,100원"
스타벅스 서울역서부점,스타벅스 돌체 라떼,"6,100원"
스타벅스 서울역서부점,자바 칩 프라푸치노,"6,500원"
스타벅스 서울역서부점,망고 바나나 블렌디드,"6,600원"
스타벅스 서울역서부점,아이스 자몽 허니 블랙 티,"5,900원"
스타벅스 서울역서부점,자몽 허니 블랙 티,"5,900원"
스타벅스 서울역서부점,콜드 브루,"5,100원"
스타벅스 서울역서부점,디카페인 카페 아메리카노,"5,000원"
스타벅스 서울역서부점,디카페인 카페 라떼,"5,500원"
스타벅스 서울역서부점,제주 말차 라떼,"6,100원"
스타벅스 서울역서부점,돌체 콜드 브루,"6,000원"
독립맥주공장,챱스테이크,"29,800원"
독립맥주공장,삼겹 스테이크,"24,900원"
독립맥주공장,시그니쳐 피자,"24,900원"
독립맥주공장,페퍼로니 피자,"21,900원"
독립맥주공장,모듬튀김,"18,000원"
청안식탁,이북식 닭개장(보통),"10,000원"
청안식탁,닭죽(보통),"9,000원"
청안식탁,청안묵 (1/2),"8,000원"
청안식탁,매콤닭무침 (1/2),"10,000원"
청안식탁,닭똥집 (저녁메뉴),"16,000원"
청안식탁,청안전 (저녁메뉴),"18,000원"
청안식탁,파전 (저녁메뉴),"18,000원"
청안식탁,먹태구이 (저녁메뉴),"15,000원"
청안식탁,닭한마리찜 (저녁메뉴),"33,000원"
양치기소녀,고급양갈비,"28,000원"
양치기소녀,양념 양꼬치 (10꼬치),"15,000원"
양치기소녀,오리지날 양꼬치 (10꼬치),"15,000원"
양치기소녀,못된 양꼬치 (10꼬치),"15,000원"
양치기소녀,데리야끼 양꼬치 (10꼬치),"15,000원"
양치기소녀,카레맛 양꼬치 (10꼬치),"15,000원"
양치기소녀,마라쇼룽샤,"38,000원"
양치기소녀,마라양갈비 (10꼬치),"18,000원"
양치기소녀,마라새우 (10꼬치),"18,000원"
양치기소녀,오징어통구이,"15,000원"
양치기소녀,닭날개(6조각),"12,000원"
양치기소녀,마늘꼬치(5꼬치),"4,000원"
담원순대,순대국(일반),"10,000원"
담원순대,뼈 해장국(일반),"10,000원"
담원순대,감자탕(중),"34,000원"
담원순대,모듬수육(대),"35,000원"
담원순대,순댁,"14,000원"
담원순대,오소리감투,"18,000원"
담원순대,술국,"18,000원"
담원순대,계란말이,"10,000원"
담원순대,삼겹살(180g),"16,000원"
담원순대,소갈비살(180g),"20,000원"
황금콩밭,점심코스,"40,000원"
황금콩밭,스페셜코스,"80,000원"
황금콩밭,A코스,"60,000원"
황금콩밭,B코스,"50,000원"
황금콩밭,두부짜글이,"12,000원"
황금콩밭,돼지짜글이,"14,000원"
황금콩밭,시래기비지탕,"13,000원"
황금콩밭,두부젓국,"30,000원"
황금콩밭,짜박두부,"36,000원"
황금콩밭,청국장,"13,000원"
황금콩밭,한우뚝배기불고기,"16,000원"
황금콩밭,서리태콩국수(여름한정),"14,000원"
황금콩밭,한우차돌된장찌개,"15,000원"
황금콩밭,쥐눈이콩생청국장샐러드,"12,000원"
황금콩밭,생두부,"16,000원"
황금콩밭,두부전,"20,000원"
황금콩밭,두부완자,"25,000원"
황금콩밭,두부두루치기,"36,000원"
황금콩밭,두부김치,"38,000원"
황금콩밭,명태회무침,"25,000원"
황금콩밭,가자미식혜,"25,000원"
황금콩밭,삼겹살볶음,"38,000원"
황금콩밭,홍어회,"34,000원"
황금콩밭,홍어전,"38,000원"
황금콩밭,한우바싹불고기,"38,000원"
홍과장,피문어삼합(대),"66,000원"
홍과장,과메기,"35,000원"
홍과장,석화,"23,000원"
홍과장,대방어,"65,000원"
홍과장,새우튀김,"20,000원"
홍과장,피문어숙회,"35,000원"
홍과장,문어삼합 (소),"40,000원"
옐로우보울,스테이크,"55,000원"
동강나루터,추어탕,"11,000원"
동강나루터,미꾸라지튀김,"16,000원"
동강나루터,참게메기매운탕 (소),"30,000원"
동강나루터,메기매운탕 (소),"28,000원"
동강나루터,참게메기매운탕 (중),"42,000원"
동강나루터,참게메기매운탕 (대),"56,000원"
동강나루터,메기매운탕 (중),"40,000원"
동강나루터,메기매운탕 (대),"54,000원"
동강나루터,민물장어 1kg,"72,000원"
동강나루터,장어추가 한마리,"24,000원"
비스트로 한강쌀롱,순살 후라이드 치킨,"18,500원"
비스트로 한강쌀롱,등심 리코타 샐러드,"17,000원"
비스트로 한강쌀롱,크림커리쉬림프 리조또,"14,500원"
비스트로 한강쌀롱,마라스튜 파스타,"15,500원"
비스트로 한강쌀롱,마라 파스타,"14,900원"
파이브가이즈 서울역점,햄버거,"13,400원"
파이브가이즈 서울역점,치즈버거,"14,900원"
파이브가이즈 서울역점,베이컨버거,"15,900원"
파이브가이즈 서울역점,베이컨치즈버거,"17,400원"
파이브가이즈 서울역점,쉐이크,"8,900원"
파이브가이즈 서울역점,탄산음료,"3,900원"
파이브가이즈 서울역점,감자튀김(소),"6,900원"
파이브가이즈 서울역점,감자튀김(중),"8,900원"
파이브가이즈 서울역점,감자튀김(대),"10,900원"
파이브가이즈 서울역점,리틀 햄버거,"9,900원"
장안삼계탕,전복삼계탕,"27,000원"
장안삼계탕,전복오골계,"32,000원"
장안삼계탕,삼계탕,"19,000원"
장안삼계탕,전기구이통닭,"19,000원"
장안삼계탕,닭날개튀김,"19,000원"
장안삼계탕,능이삼계탕,"24,000원"
장안삼계탕,들깨삼계탕,"22,000원"
장안삼계탕,능이전복삼계탕,"28,000원"
장안삼계탕,인삼튀김,"20,000원"
장안삼계탕,능이오골계,"29,000원"
장안삼계탕,들깨오골계,"27,000원"
장안삼계탕,오골계,"24,000원"
장안삼계탕,능이전복오골계,"33,000원"
